<?xml version="1.0" encoding="UTF-8" standalone="yes"?>
<?xml-stylesheet type='text/xsl' href='../../stylesheets/source2html.xsl' ?>
<sourceDataSet xmlns:common="http://lca.jrc.it/ILCD/Common" xmlns="http://lca.jrc.it/ILCD/Source" version="1.1" xsi:schemaLocation="http://lca.jrc.it/ILCD/Source ../../schemas/ILCD_SourceDataSet.xsd" xmlns:xsi="http://www.w3.org/2001/XMLSchema-instance">
    <sourceInformation>
        <dataSetInformation>
            <common:UUID>6a08f8f9-58c3-492c-8c34-6df3dd69a326</common:UUID>
            <common:shortName xml:lang="en">GaBi conformity system</common:shortName>
            <classificationInformation>
                <common:classification>
                    <common:class level="0">Compliance systems</common:class>
                </common:classification>
            </classificationInformation>
            <sourceCitation>thinkstep AG (formerly PE INTERNATIONAL AG), 2011, Leinfelden-Echterdingen</sourceCitation>
            <publicationType>Software or database</publicationType>
            <referenceToContact type="contact data set" refObjectId="d7fa0337-f279-430d-becf-7f3111a85010" version="35.00.000" uri="../contacts/d7fa0337-f279-430d-becf-7f3111a85010.xml">
                <common:shortDescription xml:lang="en">thinkstep</common:shortDescription>
            </referenceToContact>
        </dataSetInformation>
    </sourceInformation>
    <administrativeInformation>
        <dataEntryBy>
            <common:timeStamp>2016-07-01T00:00:00.000</common:timeStamp>
            <common:referenceToDataSetFormat type="source data set" refObjectId="a97a0155-0234-4b87-b4ce-a45da52f2a40" version="03.00.000" uri="../sources/a97a0155-0234-4b87-b4ce-a45da52f2a40.xml">
                <common:shortDescription xml:lang="en">ILCD format 1.1</common:shortDescription>
            </common:referenceToDataSetFormat>
        </dataEntryBy>
        <publicationAndOwnership>
            <common:dataSetVersion>35.00.000</common:dataSetVersion>
        </publicationAndOwnership>
    </administrativeInformation>
</sourceDataSet>
