<?xml version="1.0" encoding="utf-8" standalone="no"?>
<?xml-stylesheet version="1.0" href="../../stylesheets/source2html.xsl" type="text/xsl"?><sourceDataSet xmlns="http://lca.jrc.it/ILCD/Source" xmlns:common="http://lca.jrc.it/ILCD/Common" xmlns:xsi="http://www.w3.org/2001/XMLSchema-instance" version="1.1" xsi:schemaLocation="http://lca.jrc.it/ILCD/Source ../../schemas/ILCD_SourceDataSet.xsd">
 <sourceInformation>
  <dataSetInformation>
   <common:UUID>9ba3ac1e-6797-4cc0-afd5-1b8f7bf28c6a</common:UUID>
   <common:shortName xml:lang="en">ILCD Data Network - compliance (non-Process)</common:shortName>
   <classificationInformation>
    <common:classification>
     <common:class level="0">Compliance systems</common:class>
</common:classification>
</classificationInformation>
   <sourceCitation>European Commission, Joint Research Centre, Institute for Environment and Sustainability (2012): International Reference Life Cycle Data System (ILCD) -
    Data Network - Compliance rules and entry-level requirements. Definition of: ILCD Data Network - compliance for non-Process data sets. Version 1.1. January
    2012</sourceCitation>
   <publicationType>Monograph</publicationType>
   <sourceDescriptionOrComment xml:lang="en">The referenced file defines the compliance rules and entry-level requirements of the International Reference Life Cycle Data
    System (ILCD) Data Network, which can also be used for general ILCD-compliance under the ILCD Handbook. This document provides the overview and refers to specific documents
    that define the detailed requirements in the five areas quality, method, nomenclature, review, and documentation of LCA data sets. Note that application areas (via
    archetype goal situations) and data quality levels are differentiated that are to be referenced explicitly when identifying the compliance of a data set. While the document
    defines all variants, this reference relates to the definition of: "ILCD Data Network - compliance", which shall be used ONLY for Flow, Flow property and Unit group data
    sets.</sourceDescriptionOrComment>
   <referenceToDigitalFile uri="../external_docs/ilcd-data-network_compliance-entry-level_version1.1_jan2012.pdf"/>
   <referenceToContact refObjectId="d0d5f8bb-9311-49d1-9e30-2f20a6977f4f" type="contact data set" uri="../contacts/d0d5f8bb-9311-49d1-9e30-2f20a6977f4f.xml">
    <common:shortDescription xml:lang="en">European Commission - JRC directorate D</common:shortDescription>
</referenceToContact>
</dataSetInformation>
</sourceInformation>
 <administrativeInformation>
  <dataEntryBy>
   <common:timeStamp>2010-03-12T00:00:00+01:00</common:timeStamp>
    <common:referenceToDataSetFormat refObjectId="a97a0155-0234-4b87-b4ce-a45da52f2a40" type="source data set" uri="../sources/a97a0155-0234-4b87-b4ce-a45da52f2a40.xml">
    <common:shortDescription>ILCD format</common:shortDescription>
</common:referenceToDataSetFormat>
</dataEntryBy>
  <publicationAndOwnership>
   <common:dataSetVersion>03.00.003</common:dataSetVersion>
   <common:permanentDataSetURI>http://lca.jrc.ec.europa.eu/lcainfohub/datasets/ilcd/sources/9ba3ac1e-6797-4cc0-afd5-1b8f7bf28c6a.xml</common:permanentDataSetURI>
</publicationAndOwnership>
</administrativeInformation>
</sourceDataSet>
