<?xml version="1.0" encoding="UTF-8" standalone="no"?>
<?xml-stylesheet type='text/xsl' href='../../stylesheets/source2html.xsl'?><sourceDataSet xmlns="http://lca.jrc.it/ILCD/Source" xmlns:common="http://lca.jrc.it/ILCD/Common" xmlns:xsi="http://www.w3.org/2001/XMLSchema-instance" version="1.1" xsi:schemaLocation="http://lca.jrc.it/ILCD/Source ../../schemas/ILCD_SourceDataSet.xsd">
 <sourceInformation>
  <dataSetInformation>
   <common:UUID>a97a0155-0234-4b87-b4ce-a45da52f2a40</common:UUID>
   <common:shortName xml:lang="en">ILCD format</common:shortName>
   <classificationInformation>
    <common:classification>
     <common:class level="0">Data set formats</common:class>
</common:classification>
</classificationInformation>
   <sourceCitation>European Commission, Joint Research Centre, Institute for Environment and Sustainability (JRC-IES); Forschungszentrum Karlsruhe, Institute for Applied
    Computer Science (FZK-IAI); Brasilian Ministry of Science and Technology, Brazilian Institute of Information in Science and Technology (IBICT) (2009): International
    Reference Life Cycle Data System (ILCD) data set format.</sourceCitation>
   <publicationType>Other unpublished and grey literature</publicationType>
   <sourceDescriptionOrComment xml:lang="en">The format schema files, stylesheets, further documentation and supporting files as well as license conditions are available in the
    developer support package, accessible currently at http://lca.jrc.ec.europa.eu</sourceDescriptionOrComment>
   <referenceToDigitalFile uri="http://lca.jrc.ec.europa.eu"/>
   <referenceToContact refObjectId="d0d5f8bb-9311-49d1-9e30-2f20a6977f4f" type="contact data set" uri="../contacts/d0d5f8bb-9311-49d1-9e30-2f20a6977f4f.xml">
    <common:shortDescription xml:lang="en">European Commission - JRC directorate D</common:shortDescription>
</referenceToContact>
</dataSetInformation>
</sourceInformation>
 <administrativeInformation>
  <dataEntryBy>
   <common:timeStamp>2012-12-03T11:26:02.973+01:00</common:timeStamp>
   <common:referenceToDataSetFormat refObjectId="a97a0155-0234-4b87-b4ce-a45da52f2a40" type="source data set" uri="../sources/a97a0155-0234-4b87-b4ce-a45da52f2a40.xml">
    <common:shortDescription xml:lang="en">ILCD format</common:shortDescription>
</common:referenceToDataSetFormat>
</dataEntryBy>
  <publicationAndOwnership>
   <common:dataSetVersion>03.00.003</common:dataSetVersion>
   <common:referenceToPrecedingDataSetVersion refObjectId="a97a0155-0234-4b87-b4ce-a45da52f2a40" type="source data set" uri="http://lca.jrc.ec.europa.eu/lcainfohub/datasets/ilcd/sources/ILCD_Format_a97a0155-0234-4b87-b4ce-a45da52f2a40.xml">
    <common:shortDescription xml:lang="en">ILCD format</common:shortDescription>
</common:referenceToPrecedingDataSetVersion>
   <common:permanentDataSetURI>http://lca.jrc.ec.europa.eu/lcainfohub/datasets/ilcd/sources/a97a0155-0234-4b87-b4ce-a45da52f2a40.xml</common:permanentDataSetURI>
</publicationAndOwnership>
</administrativeInformation>
</sourceDataSet>
