<?xml version="1.0" encoding="UTF-8" standalone="yes"?>
<?xml-stylesheet type='text/xsl' href='../../stylesheets/source2html.xsl' ?>
<sourceDataSet xmlns:common="http://lca.jrc.it/ILCD/Common" xmlns="http://lca.jrc.it/ILCD/Source" version="1.1" xsi:schemaLocation="http://lca.jrc.it/ILCD/Source ../../schemas/ILCD_SourceDataSet.xsd" xmlns:xsi="http://www.w3.org/2001/XMLSchema-instance">
    <sourceInformation>
        <dataSetInformation>
            <common:UUID>d92a1a12-2545-49e2-a585-55c259997756</common:UUID>
            <common:shortName xml:lang="en">ILCD Data Network - Entry-level</common:shortName>
            <classificationInformation>
                <common:classification>
                    <common:class level="0">Compliance systems</common:class>
                </common:classification>
            </classificationInformation>
            <sourceCitation>European Commission, Joint Research Centre, Institute for Environment and Sustainability (2012): International Reference Life Cycle Data System (ILCD) -
        Data Network - Compliance rules and entry-level requirements. Definition of: ILCD Data Network - Entry-level. Version 1.1. January 2012</sourceCitation>
            <publicationType>Monograph</publicationType>
            <sourceDescriptionOrComment xml:lang="en">The referenced file defines the compliance rules and entry-level requirements of the International Reference Life Cycle Data System (ILCD) Data Network, which can also be used for general ILCD-compliance under the ILCD Handbook. This document provides the overview and refers to specific documents that define the detailed requirements in the five areas quality, method, nomenclature, review, and documentation of LCA data sets. Note that application areas (via archetype goal situations) and data quality levels are differentiated that are to be referenced explicitly when identifying the compliance of a data set. While the document defines all variants, this reference relates to the definition of: "ILCD Data Network - Entry-level". Note that the entry-level is below ILCD-compliance and does not imply methodological compliance with the ILCD Handbook.</sourceDescriptionOrComment>
            <referenceToDigitalFile uri="../external_docs/ilcd-data-network-compliance-entry-level-version1.1-jan2012.pdf"/>
            <referenceToContact type="contact data set" refObjectId="d0d5f8bb-9311-49d1-9e30-2f20a6977f4f" version="00.00.000" uri="../contacts/d0d5f8bb-9311-49d1-9e30-2f20a6977f4f.xml">
                <common:shortDescription xml:lang="en">European Commission, JRC-IES</common:shortDescription>
            </referenceToContact>
        </dataSetInformation>
    </sourceInformation>
    <administrativeInformation>
        <dataEntryBy>
            <common:timeStamp>2020-05-13T09:06:00.000</common:timeStamp>
            <common:referenceToDataSetFormat type="source data set" refObjectId="a97a0155-0234-4b87-b4ce-a45da52f2a40" version="03.00.000" uri="../sources/a97a0155-0234-4b87-b4ce-a45da52f2a40.xml">
                <common:shortDescription xml:lang="en">ILCD format 1.1</common:shortDescription>
            </common:referenceToDataSetFormat>
        </dataEntryBy>
        <publicationAndOwnership>
            <common:dataSetVersion>35.00.000</common:dataSetVersion>
        </publicationAndOwnership>
    </administrativeInformation>
</sourceDataSet>
