<?xml version="1.0" encoding="UTF-8" standalone="yes"?>
<?xml-stylesheet type='text/xsl' href='../../stylesheets/contact2html.xsl' ?>
<contactDataSet xmlns:common="http://lca.jrc.it/ILCD/Common" xmlns="http://lca.jrc.it/ILCD/Contact" version="1.1" xsi:schemaLocation="http://lca.jrc.it/ILCD/Contact ../../schemas/ILCD_ContactDataSet.xsd" xmlns:xsi="http://www.w3.org/2001/XMLSchema-instance">
    <contactInformation>
        <dataSetInformation>
            <common:UUID>c0a9feeb-48d1-4c8f-9e8f-3ada7c0294c7</common:UUID>
            <common:shortName xml:lang="en">IBP-GaBi</common:shortName>
            <common:name xml:lang="en">Fraunhofer IBP, Department GaBi</common:name>
            <classificationInformation>
                <common:classification>
                    <common:class level="0">Organisations</common:class>
                    <common:class level="1">Non-governmental organisations</common:class>
                </common:classification>
            </classificationInformation>
            <contactAddress xml:lang="en">Nobelstrasse 12, D-70569 Stuttgart, Germany</contactAddress>
            <email>gabi@ibp.fraunhofer.de</email>
            <WWWAddress>http://www.ibp.fraunhofer.de/en/Expertise/Life_Cycle_Engineering/</WWWAddress>
        </dataSetInformation>
    </contactInformation>
    <administrativeInformation>
        <dataEntryBy>
            <common:timeStamp>2011-10-31T23:00:00.000</common:timeStamp>
            <common:referenceToDataSetFormat type="source data set" refObjectId="a97a0155-0234-4b87-b4ce-a45da52f2a40" version="03.00.000" uri="../sources/a97a0155-0234-4b87-b4ce-a45da52f2a40.xml">
                <common:shortDescription xml:lang="en">ILCD format 1.1</common:shortDescription>
            </common:referenceToDataSetFormat>
        </dataEntryBy>
        <publicationAndOwnership>
            <common:dataSetVersion>35.00.000</common:dataSetVersion>
        </publicationAndOwnership>
    </administrativeInformation>
</contactDataSet>
