<?xml version="1.0" encoding="UTF-8" standalone="yes"?>
<?xml-stylesheet type='text/xsl' href='../../stylesheets/contact2html.xsl' ?>
<contactDataSet xmlns:common="http://lca.jrc.it/ILCD/Common" xmlns="http://lca.jrc.it/ILCD/Contact" version="1.1" xsi:schemaLocation="http://lca.jrc.it/ILCD/Contact ../../schemas/ILCD_ContactDataSet.xsd" xmlns:xsi="http://www.w3.org/2001/XMLSchema-instance">
    <contactInformation>
        <dataSetInformation>
            <common:UUID>c390ed50-1572-44fd-acb5-c2f984f749e6</common:UUID>
            <common:shortName xml:lang="en">UNEP SETAC Life Cycle Initiative</common:shortName>
            <common:name xml:lang="en">UNEP SETAC Life Cycle Initiative, UNEP DTIE Sustainable, Consumption and Production Branch</common:name>
            <classificationInformation>
                <common:classification>
                    <common:class level="0">Organisations</common:class>
                    <common:class level="1">Non-governmental organisations</common:class>
                </common:classification>
            </classificationInformation>
            <contactAddress xml:lang="en">15 rue de Milan, 75441 Paris CEDEX 09, France</contactAddress>
            <telephone>+33144371450</telephone>
            <telefax>+33144371474</telefax>
            <email>unep.tie@unep.org</email>
            <WWWAddress>www.lcinitiative.unep.fr</WWWAddress>
        </dataSetInformation>
    </contactInformation>
    <administrativeInformation>
        <dataEntryBy>
            <common:timeStamp>2011-10-31T23:00:00.000</common:timeStamp>
            <common:referenceToDataSetFormat type="source data set" refObjectId="a97a0155-0234-4b87-b4ce-a45da52f2a40" version="03.00.000" uri="../sources/a97a0155-0234-4b87-b4ce-a45da52f2a40.xml">
                <common:shortDescription xml:lang="en">ILCD format 1.1</common:shortDescription>
            </common:referenceToDataSetFormat>
        </dataEntryBy>
        <publicationAndOwnership>
            <common:dataSetVersion>35.00.000</common:dataSetVersion>
        </publicationAndOwnership>
    </administrativeInformation>
</contactDataSet>
