<?xml version="1.0" encoding="UTF-8" standalone="yes"?>
<?xml-stylesheet type='text/xsl' href='../../stylesheets/contact2html.xsl' ?>
<contactDataSet xmlns:common="http://lca.jrc.it/ILCD/Common" xmlns="http://lca.jrc.it/ILCD/Contact" version="1.1" xsi:schemaLocation="http://lca.jrc.it/ILCD/Contact ../../schemas/ILCD_ContactDataSet.xsd" xmlns:xsi="http://www.w3.org/2001/XMLSchema-instance">
    <contactInformation>
        <dataSetInformation>
            <common:UUID>d0d5f8bb-9311-49d1-9e30-2f20a6977f4f</common:UUID>
            <common:shortName xml:lang="en">European Commission, JRC-IES</common:shortName>
            <common:name xml:lang="en">European Commission, Joint Research Centre (JRC), Institute for Environment and Sustainability (IES)</common:name>
            <classificationInformation>
                <common:classification>
                    <common:class level="0">Organisations</common:class>
                </common:classification>
            </classificationInformation>
            <contactAddress xml:lang="en">European Commission, JRC, IES, Via E. Fermi 2749; 21027 Ispra (VA); Italy</contactAddress>
            <telephone>+390332789111</telephone>
            <telefax>+390332789001</telefax>
            <email>IES-contact@jrc.ec.europa.eu</email>
            <WWWAddress>http://ies.jrc.ec.europa.eu</WWWAddress>
            <centralContactPoint xml:lang="en">European Commission, JRC, IES, Via E. Fermi 2749; 21027 Ispra (VA); Italy</centralContactPoint>
            <contactDescriptionOrComment xml:lang="en">Central contact at organisation level. For enquiries related to LCA try also directly the functional</contactDescriptionOrComment>
        </dataSetInformation>
    </contactInformation>
    <administrativeInformation>
        <dataEntryBy>
            <common:timeStamp>2017-05-29T15:28:32.000</common:timeStamp>
            <common:referenceToDataSetFormat type="source data set" refObjectId="a97a0155-0234-4b87-b4ce-a45da52f2a40" version="03.00.000" uri="../sources/a97a0155-0234-4b87-b4ce-a45da52f2a40.xml">
                <common:shortDescription xml:lang="en">ILCD format 1.1</common:shortDescription>
            </common:referenceToDataSetFormat>
        </dataEntryBy>
        <publicationAndOwnership>
            <common:dataSetVersion>11.00.000</common:dataSetVersion>
        </publicationAndOwnership>
    </administrativeInformation>
</contactDataSet>
