<?xml version="1.0" encoding="UTF-8" standalone="yes"?>
<?xml-stylesheet type='text/xsl' href='../../stylesheets/contact2html.xsl' ?>
<contactDataSet xmlns:common="http://lca.jrc.it/ILCD/Common" xmlns="http://lca.jrc.it/ILCD/Contact" version="1.1" xsi:schemaLocation="http://lca.jrc.it/ILCD/Contact ../../schemas/ILCD_ContactDataSet.xsd" xmlns:xsi="http://www.w3.org/2001/XMLSchema-instance">
    <contactInformation>
        <dataSetInformation>
            <common:UUID>de53c560-d6a9-11da-a94d-0800200c9a66</common:UUID>
            <common:shortName xml:lang="en">IABP-GaBi</common:shortName>
            <common:name xml:lang="en">Institute for Acoustics and Building Physics, Life Cycle Engineering (GaBi), Universitaet Stuttgart</common:name>
            <classificationInformation>
                <common:classification>
                    <common:class level="0">Organisations</common:class>
                    <common:class level="1">Governmental organisations</common:class>
                </common:classification>
            </classificationInformation>
            <contactAddress xml:lang="en">IABP-GaBi, Wankelstraße 5, D-70563 Stuttgart, Germany</contactAddress>
            <telephone>+49 (0) 711 970-3150</telephone>
            <telefax>+49 (0) 711 970-3190</telefax>
            <email>gabi@lbp-gabi.de</email>
            <WWWAddress>http://www.LBPGABI.uni-stuttgart.de</WWWAddress>
        </dataSetInformation>
    </contactInformation>
    <administrativeInformation>
        <dataEntryBy>
            <common:timeStamp>2018-02-01T00:00:00.000</common:timeStamp>
            <common:referenceToDataSetFormat type="source data set" refObjectId="a97a0155-0234-4b87-b4ce-a45da52f2a40" version="03.00.000" uri="../sources/a97a0155-0234-4b87-b4ce-a45da52f2a40.xml">
                <common:shortDescription xml:lang="en">ILCD format 1.1</common:shortDescription>
            </common:referenceToDataSetFormat>
        </dataEntryBy>
        <publicationAndOwnership>
            <common:dataSetVersion>35.00.000</common:dataSetVersion>
        </publicationAndOwnership>
    </administrativeInformation>
</contactDataSet>
