<?xml version="1.0" encoding="UTF-8" standalone="yes"?><?xml-stylesheet type='text/xsl' href='../../stylesheets/flow2html.xsl'?>
<flowDataSet xmlns:common="http://lca.jrc.it/ILCD/Common" xmlns="http://lca.jrc.it/ILCD/Flow" xmlns:xsi="http://www.w3.org/2001/XMLSchema-instance" version="1.1" xsi:schemaLocation="http://lca.jrc.it/ILCD/Flow ../../schemas/ILCD_FlowDataSet.xsd">
  <flowInformation>
    <dataSetInformation>
      <common:UUID>08a91e70-3ddc-11dd-9c15-0050c2490048</common:UUID>
      <name>
        <baseName xml:lang="en">carbon dioxide (biogenic)</baseName>
</name>
      <common:synonyms xml:lang="en">(14c)methanedione;AC1L18VV;AC1Q28J8;AER Fixus;After-damp;Anhydride carbonique;Anhydride, Carbonic;CARBON-DIOXIDE;CO(2);CO2;COO-;Carbon dioxide (JP15/USP);Carbon dioxide (TN);Carbon dioxide ion;Carbon dioxide, ion(1-);Carbon oxide (CO2);Carbon oxide, di-;Carbonic acid anhydride;Carbonica;Dioxide, Carbon;Dioxido de carbono;Dioxomethane;Dioxyde de carbone;Dry ice;KST-1A5406;Khladon 744;Kohlendioxyd;Kohlensaure;Makr carbon dioxide;R 744;[CO2];carbon dioxide;carbonic acid gas;carbonic anhydride;dioxidocarbon;methane, dioxo-</common:synonyms>
      <common:synonyms xml:lang="de">Kohlendioxyd;Kohlensaure</common:synonyms>
      <common:synonyms xml:lang="fr">Anhydride carbonique;Dioxyde de carbone</common:synonyms>
      <common:synonyms xml:lang="es">Dioxido de carbono</common:synonyms>
      <classificationInformation>
        <common:elementaryFlowCategorization>
          <common:category level="0">Emissions</common:category>
          <common:category level="1">Emissions to air</common:category>
          <common:category level="2">Emissions to air, unspecified</common:category>
</common:elementaryFlowCategorization>
</classificationInformation>
      <CASNumber>000124-38-9</CASNumber>
      <common:generalComment xml:lang="en">Reference elementary flow of the International Reference Life Cycle Data System (ILCD).</common:generalComment>
</dataSetInformation>
    <quantitativeReference>
      <referenceToReferenceFlowProperty>0</referenceToReferenceFlowProperty>
</quantitativeReference>
</flowInformation>
  <modellingAndValidation>
    <LCIMethod>
      <typeOfDataSet>Elementary flow</typeOfDataSet>
</LCIMethod>
    <complianceDeclarations>
      <compliance>
        <common:referenceToComplianceSystem type="source data set" refObjectId="9ba3ac1e-6797-4cc0-afd5-1b8f7bf28c6a" uri="../sources/9ba3ac1e-6797-4cc0-afd5-1b8f7bf28c6a.xml">
          <common:shortDescription xml:lang="en">ILCD Data Network - compliance (non-Process)</common:shortDescription>
</common:referenceToComplianceSystem>
        <common:approvalOfOverallCompliance>Fully compliant</common:approvalOfOverallCompliance>
</compliance>
</complianceDeclarations>
</modellingAndValidation>
  <administrativeInformation>
    <dataEntryBy>
      <common:timeStamp>2012-01-12T15:51:24.751+01:00</common:timeStamp>
      <common:referenceToDataSetFormat type="source data set" refObjectId="a97a0155-0234-4b87-b4ce-a45da52f2a40" uri="../sources/a97a0155-0234-4b87-b4ce-a45da52f2a40.xml">
        <common:shortDescription xml:lang="en">ILCD format</common:shortDescription>
</common:referenceToDataSetFormat>
</dataEntryBy>
    <publicationAndOwnership>
      <common:dataSetVersion>03.00.001</common:dataSetVersion>
      <common:permanentDataSetURI>http://lca.jrc.ec.europa.eu/lcainfohub/datasets/ilcd/flows/08a91e70-3ddc-11dd-9c15-0050c2490048.xml</common:permanentDataSetURI>
</publicationAndOwnership>
</administrativeInformation>
  <flowProperties>
    <flowProperty dataSetInternalID="0">
      <referenceToFlowPropertyDataSet type="flow property data set" refObjectId="93a60a56-a3c8-11da-a746-0800200b9a66" uri="../flowproperties/93a60a56-a3c8-11da-a746-0800200b9a66.xml">
        <common:shortDescription xml:lang="en">Mass</common:shortDescription>
</referenceToFlowPropertyDataSet>
      <meanValue>1.0</meanValue>
</flowProperty>
</flowProperties>
</flowDataSet>
