<?xml version="1.0" encoding="UTF-8" standalone="yes"?><?xml-stylesheet type='text/xsl' href='../../stylesheets/flow2html.xsl'?>
<flowDataSet xmlns:common="http://lca.jrc.it/ILCD/Common" xmlns="http://lca.jrc.it/ILCD/Flow" xmlns:xsi="http://www.w3.org/2001/XMLSchema-instance" version="1.1" xsi:schemaLocation="http://lca.jrc.it/ILCD/Flow ../../schemas/ILCD_FlowDataSet.xsd">
  <flowInformation>
    <dataSetInformation>
      <common:UUID>08a91e70-3ddc-11dd-a2a9-0050c2490048</common:UUID>
      <name>
        <baseName xml:lang="en">ammonia</baseName>
</name>
      <common:synonyms xml:lang="en">(13n)ammonia;(15n)ammonia;AC1L18R4;AM-Fol;AMINO GROUP;AMINO SUBSTITUTION GROUP;Ammonia (8CI,9CI);Ammonia anhydrous;Ammonia gas;Ammonia, anhydrous;Ammonia-14N;Ammoniaca;Ammoniak;Ammoniak Kconzentrierter;Ammoniakgas;Ammonium bromide-81Br;Amoniak;Anhydrous ammonia;KST-1A1462;KST-1A4187;Liquid Ammonia;NH3;Nitro-sil;Nitrogen, atomic;Primary amine;R 717;R-NH2;R2NH;R3N;Refrigerent R717;Spirit of hartshorn;UNX;Unknown Atom Or Ion;[NH3];ammoniac;amoniaco;anyhydrous ammonia;azane;primaeres Amin;primary amines;secondary amines;sekundaeres Amin;tertiaeres Amin;tertiary amines</common:synonyms>
      <common:synonyms xml:lang="de">Ammoniak</common:synonyms>
      <common:synonyms xml:lang="fr">Ammoniac</common:synonyms>
      <common:synonyms xml:lang="it">Ammoniaca</common:synonyms>
      <common:synonyms xml:lang="pl">Amoniak</common:synonyms>
      <classificationInformation>
        <common:elementaryFlowCategorization>
          <common:category level="0">Emissions</common:category>
          <common:category level="1">Emissions to air</common:category>
          <common:category level="2">Emissions to air, unspecified</common:category>
</common:elementaryFlowCategorization>
</classificationInformation>
      <CASNumber>007664-41-7</CASNumber>
      <common:generalComment xml:lang="en">Reference elementary flow of the International Reference Life Cycle Data System (ILCD).</common:generalComment>
</dataSetInformation>
    <quantitativeReference>
      <referenceToReferenceFlowProperty>0</referenceToReferenceFlowProperty>
</quantitativeReference>
</flowInformation>
  <modellingAndValidation>
    <LCIMethod>
      <typeOfDataSet>Elementary flow</typeOfDataSet>
</LCIMethod>
    <complianceDeclarations>
      <compliance>
        <common:referenceToComplianceSystem type="source data set" refObjectId="9ba3ac1e-6797-4cc0-afd5-1b8f7bf28c6a" uri="../sources/9ba3ac1e-6797-4cc0-afd5-1b8f7bf28c6a.xml">
          <common:shortDescription xml:lang="en">ILCD Data Network - compliance (non-Process)</common:shortDescription>
</common:referenceToComplianceSystem>
        <common:approvalOfOverallCompliance>Fully compliant</common:approvalOfOverallCompliance>
</compliance>
</complianceDeclarations>
</modellingAndValidation>
  <administrativeInformation>
    <dataEntryBy>
      <common:timeStamp>2012-01-12T15:51:20.705+01:00</common:timeStamp>
      <common:referenceToDataSetFormat type="source data set" refObjectId="a97a0155-0234-4b87-b4ce-a45da52f2a40" uri="../sources/a97a0155-0234-4b87-b4ce-a45da52f2a40.xml">
        <common:shortDescription xml:lang="en">ILCD format</common:shortDescription>
</common:referenceToDataSetFormat>
</dataEntryBy>
    <publicationAndOwnership>
      <common:dataSetVersion>03.00.001</common:dataSetVersion>
      <common:permanentDataSetURI>http://lca.jrc.ec.europa.eu/lcainfohub/datasets/ilcd/flows/08a91e70-3ddc-11dd-a2a9-0050c2490048.xml</common:permanentDataSetURI>
</publicationAndOwnership>
</administrativeInformation>
  <flowProperties>
    <flowProperty dataSetInternalID="0">
      <referenceToFlowPropertyDataSet type="flow property data set" refObjectId="93a60a56-a3c8-11da-a746-0800200b9a66" uri="../flowproperties/93a60a56-a3c8-11da-a746-0800200b9a66.xml">
        <common:shortDescription xml:lang="en">Mass</common:shortDescription>
</referenceToFlowPropertyDataSet>
      <meanValue>1.0</meanValue>
</flowProperty>
</flowProperties>
</flowDataSet>
