<?xml version="1.0" encoding="UTF-8" standalone="yes"?><?xml-stylesheet type='text/xsl' href='../../stylesheets/flow2html.xsl'?>
<flowDataSet xmlns:common="http://lca.jrc.it/ILCD/Common" xmlns="http://lca.jrc.it/ILCD/Flow" xmlns:xsi="http://www.w3.org/2001/XMLSchema-instance" version="1.1" xsi:schemaLocation="http://lca.jrc.it/ILCD/Flow ../../schemas/ILCD_FlowDataSet.xsd">
  <flowInformation>
    <dataSetInformation>
      <common:UUID>08a91e70-3ddc-11dd-9202-0050c2490048</common:UUID>
      <name>
        <baseName xml:lang="en">benzene</baseName>
</name>
      <common:synonyms xml:lang="en">(6)Annulene;1hyz;1l83;1swi;220l;223l;2z9g;300019X;:benzene;AC1L18SP;B0020;BENZENE, ACS;BNZ;Benzeen;Benzen;Benzene (including benzene from gasoline);Benzene + aniline combo;Benzene, labeled with carbon-14;Benzene, labeled with carbon-14 and tritium;Benzene, pure;Benzene-U-14C;Benzene-UL-14C;Benzin;Benzin (Obs.);Benzine;Benzine (Obs.);Benzol 90;Benzol diluent;Benzolene;Benzolo;Bicarburet of hydrogen;Carbon oil;Coal naphtha;Cyclohexatriene;FT-0080146;Fenzen;Mineral naphtha;Motor benzol;NCI-C55276;Nitration benzene;Phene;Phenyl hydride;Polystream;Pyrobenzol;Pyrobenzole;Q0038;RNG;Rcra waste number U019;S0631;T5329368;TRANSGENIC MODEL EVALUATION II (BENZENE);[6]Annulene;benzol;benzole;ghl.PD_Mitscher_leg0.503</common:synonyms>
      <common:synonyms xml:lang="cs">Fenzen</common:synonyms>
      <common:synonyms xml:lang="it">Benzolo</common:synonyms>
      <common:synonyms xml:lang="nl">Benzeen</common:synonyms>
      <common:synonyms xml:lang="pl">Benzen</common:synonyms>
      <classificationInformation>
        <common:elementaryFlowCategorization>
          <common:category level="0">Emissions</common:category>
          <common:category level="1">Emissions to air</common:category>
          <common:category level="2">Emissions to air, unspecified</common:category>
</common:elementaryFlowCategorization>
</classificationInformation>
      <CASNumber>000071-43-2</CASNumber>
      <common:generalComment xml:lang="en">Reference elementary flow of the International Reference Life Cycle Data System (ILCD).</common:generalComment>
</dataSetInformation>
    <quantitativeReference>
      <referenceToReferenceFlowProperty>0</referenceToReferenceFlowProperty>
</quantitativeReference>
</flowInformation>
  <modellingAndValidation>
    <LCIMethod>
      <typeOfDataSet>Elementary flow</typeOfDataSet>
</LCIMethod>
    <complianceDeclarations>
      <compliance>
        <common:referenceToComplianceSystem type="source data set" refObjectId="9ba3ac1e-6797-4cc0-afd5-1b8f7bf28c6a" uri="../sources/9ba3ac1e-6797-4cc0-afd5-1b8f7bf28c6a.xml">
          <common:shortDescription xml:lang="en">ILCD Data Network - compliance (non-Process)</common:shortDescription>
</common:referenceToComplianceSystem>
        <common:approvalOfOverallCompliance>Fully compliant</common:approvalOfOverallCompliance>
</compliance>
</complianceDeclarations>
</modellingAndValidation>
  <administrativeInformation>
    <dataEntryBy>
      <common:timeStamp>2012-01-12T15:51:21.898+01:00</common:timeStamp>
      <common:referenceToDataSetFormat type="source data set" refObjectId="a97a0155-0234-4b87-b4ce-a45da52f2a40" uri="../sources/a97a0155-0234-4b87-b4ce-a45da52f2a40.xml">
        <common:shortDescription xml:lang="en">ILCD format</common:shortDescription>
</common:referenceToDataSetFormat>
</dataEntryBy>
    <publicationAndOwnership>
      <common:dataSetVersion>03.00.001</common:dataSetVersion>
      <common:permanentDataSetURI>http://lca.jrc.ec.europa.eu/lcainfohub/datasets/ilcd/flows/08a91e70-3ddc-11dd-9202-0050c2490048.xml</common:permanentDataSetURI>
</publicationAndOwnership>
</administrativeInformation>
  <flowProperties>
    <flowProperty dataSetInternalID="0">
      <referenceToFlowPropertyDataSet type="flow property data set" refObjectId="93a60a56-a3c8-11da-a746-0800200b9a66" uri="../flowproperties/93a60a56-a3c8-11da-a746-0800200b9a66.xml">
        <common:shortDescription xml:lang="en">Mass</common:shortDescription>
</referenceToFlowPropertyDataSet>
      <meanValue>1.0</meanValue>
</flowProperty>
</flowProperties>
</flowDataSet>
