<?xml version="1.0" encoding="utf-8"?>
<?xml-stylesheet version="1.0" href="../../stylesheets/flow2html.xsl" type="text/xsl"?>
<flowDataSet xmlns="http://lca.jrc.it/ILCD/Flow" xmlns:common="http://lca.jrc.it/ILCD/Common" xmlns:xsi="http://www.w3.org/2001/XMLSchema-instance" xsi:schemaLocation="http://lca.jrc.it/ILCD/Flow ../../schemas/ILCD_FlowDataSet.xsd" locations="../ILCDLocations.xml" version="1.1">
  <flowInformation>
    <dataSetInformation>
      <common:UUID>55a4c166-2eb6-43a3-9a13-2e4f2c4fee60</common:UUID>
      <name>
        <baseName xml:lang="en">Diesel</baseName>
      </name>
      <classificationInformation>
        <common:elementaryFlowCategorization categories="../GaBiCategories.xml">
          <common:category level="0" catId="4a938ffe-59f7-4b32-a12f-cb240e413585">Valuable substances</common:category>
          <common:category level="1" catId="062d020f-bb4a-4d3d-938e-064d29048914">Energy carrier</common:category>
          <common:category level="2" catId="a9e52661-bee7-4768-b55c-ae05922b7106">Fuels</common:category>
          <common:category level="3" catId="4be59def-87c6-4932-a61b-ef4613c2b2d5">Crude oil products</common:category>
          <common:category level="4" catId="14cfbecb-31f8-4ca7-97fd-a19e3d8ecdd9">Refinery products</common:category>
        </common:elementaryFlowCategorization>
        <common:classification classes="../GaBiCategories.xml">
          <common:class level="0" classId="4a938ffe-59f7-4b32-a12f-cb240e413585">Valuable substances</common:class>
          <common:class level="1" classId="062d020f-bb4a-4d3d-938e-064d29048914">Energy carrier</common:class>
          <common:class level="2" classId="a9e52661-bee7-4768-b55c-ae05922b7106">Fuels</common:class>
          <common:class level="3" classId="4be59def-87c6-4932-a61b-ef4613c2b2d5">Crude oil products</common:class>
          <common:class level="4" classId="14cfbecb-31f8-4ca7-97fd-a19e3d8ecdd9">Refinery products</common:class>
        </common:classification>
      </classificationInformation>
    </dataSetInformation>
    <quantitativeReference>
      <referenceToReferenceFlowProperty>0</referenceToReferenceFlowProperty>
    </quantitativeReference>
  </flowInformation>
  <modellingAndValidation>
    <LCIMethod>
      <typeOfDataSet>Product flow</typeOfDataSet>
    </LCIMethod>
    <complianceDeclarations>
      <compliance>
        <common:referenceToComplianceSystem refObjectId="9ba3ac1e-6797-4cc0-afd5-1b8f7bf28c6a" version="03.00.000" type="source data set" uri="../sources/9ba3ac1e-6797-4cc0-afd5-1b8f7bf28c6a.xml">
          <common:shortDescription xml:lang="en">ILCD compliance 1.1</common:shortDescription>
        </common:referenceToComplianceSystem>
        <common:approvalOfOverallCompliance>Fully compliant</common:approvalOfOverallCompliance>
      </compliance>
    </complianceDeclarations>
  </modellingAndValidation>
  <administrativeInformation>
    <dataEntryBy>
      <common:timeStamp>2012-10-31T23:00:00+01:00</common:timeStamp>
      <common:referenceToDataSetFormat refObjectId="a97a0155-0234-4b87-b4ce-a45da52f2a40" version="03.00.000" type="source data set" uri="../sources/a97a0155-0234-4b87-b4ce-a45da52f2a40.xml">
        <common:shortDescription xml:lang="en">ILCD format 1.1</common:shortDescription>
      </common:referenceToDataSetFormat>
    </dataEntryBy>
    <publicationAndOwnership>
      <common:dataSetVersion>27.00.000</common:dataSetVersion>
      <common:referenceToOwnershipOfDataSet refObjectId="623edf96-39d1-4e6f-9892-674c7228546b" version="27.00.000" type="contact data set" uri="../contacts/623edf96-39d1-4e6f-9892-674c7228546b.xml">
        <common:shortDescription xml:lang="en">PE INTERNATIONAL</common:shortDescription>
      </common:referenceToOwnershipOfDataSet>
    </publicationAndOwnership>
  </administrativeInformation>
  <flowProperties>
    <flowProperty dataSetInternalID="0">
      <referenceToFlowPropertyDataSet refObjectId="93a60a56-a3c8-11da-a746-0800200b9a66" version="03.00.000" type="flow property data set" uri="../flowproperties/93a60a56-a3c8-11da-a746-0800200b9a66.xml">
        <common:shortDescription xml:lang="en">Mass</common:shortDescription>
      </referenceToFlowPropertyDataSet>
      <meanValue>1</meanValue>
    </flowProperty>
    <flowProperty dataSetInternalID="1">
      <referenceToFlowPropertyDataSet refObjectId="b94c1958-a019-48fe-91fe-969327201c96" version="27.00.000" type="flow property data set" uri="../flowproperties/b94c1958-a019-48fe-91fe-969327201c96.xml">
        <common:shortDescription xml:lang="en">Fuels (unspecified)</common:shortDescription>
      </referenceToFlowPropertyDataSet>
      <meanValue>1</meanValue>
      <relativeStandardDeviation95In>0.000</relativeStandardDeviation95In>
    </flowProperty>
    <flowProperty dataSetInternalID="2">
      <referenceToFlowPropertyDataSet refObjectId="88de7063-fd9e-47d2-b182-1960dbaec530" version="27.00.000" type="flow property data set" uri="../flowproperties/88de7063-fd9e-47d2-b182-1960dbaec530.xml">
        <common:shortDescription xml:lang="en">C_wt</common:shortDescription>
      </referenceToFlowPropertyDataSet>
      <meanValue>0.8658</meanValue>
      <relativeStandardDeviation95In>0.000</relativeStandardDeviation95In>
    </flowProperty>
  </flowProperties>
</flowDataSet>
