<?xml version="1.0" encoding="utf-8"?>
<?xml-stylesheet version="1.0" href="../../stylesheets/flow2html.xsl" type="text/xsl"?>
<flowDataSet xmlns="http://lca.jrc.it/ILCD/Flow" xmlns:common="http://lca.jrc.it/ILCD/Common" xmlns:xsi="http://www.w3.org/2001/XMLSchema-instance" xsi:schemaLocation="http://lca.jrc.it/ILCD/Flow ../../schemas/ILCD_FlowDataSet.xsd" locations="../ILCDLocations.xml" version="1.1">
  <flowInformation>
    <dataSetInformation>
      <common:UUID>e9fd08fb-8067-4d90-91e3-4c92fc1803f7</common:UUID>
      <name>
        <baseName xml:lang="en">Cargo</baseName>
      </name>
      <classificationInformation>
        <common:elementaryFlowCategorization categories="../GaBiCategories.xml">
          <common:category level="0" catId="54c8b64e-ed35-4f16-9c11-c9242b1239b0">Others</common:category>
        </common:elementaryFlowCategorization>
        <common:classification classes="../GaBiCategories.xml">
          <common:class level="0" classId="54c8b64e-ed35-4f16-9c11-c9242b1239b0">Others</common:class>
        </common:classification>
      </classificationInformation>
    </dataSetInformation>
    <quantitativeReference>
      <referenceToReferenceFlowProperty>0</referenceToReferenceFlowProperty>
    </quantitativeReference>
  </flowInformation>
  <modellingAndValidation>
    <LCIMethod>
      <typeOfDataSet>Product flow</typeOfDataSet>
    </LCIMethod>
    <complianceDeclarations>
      <compliance>
        <common:referenceToComplianceSystem refObjectId="9ba3ac1e-6797-4cc0-afd5-1b8f7bf28c6a" version="03.00.000" type="source data set" uri="../sources/9ba3ac1e-6797-4cc0-afd5-1b8f7bf28c6a.xml">
          <common:shortDescription xml:lang="en">ILCD compliance 1.1</common:shortDescription>
        </common:referenceToComplianceSystem>
        <common:approvalOfOverallCompliance>Fully compliant</common:approvalOfOverallCompliance>
      </compliance>
    </complianceDeclarations>
  </modellingAndValidation>
  <administrativeInformation>
    <dataEntryBy>
      <common:timeStamp>2012-10-31T23:00:00+01:00</common:timeStamp>
      <common:referenceToDataSetFormat refObjectId="a97a0155-0234-4b87-b4ce-a45da52f2a40" version="03.00.000" type="source data set" uri="../sources/a97a0155-0234-4b87-b4ce-a45da52f2a40.xml">
        <common:shortDescription xml:lang="en">ILCD format 1.1</common:shortDescription>
      </common:referenceToDataSetFormat>
    </dataEntryBy>
    <publicationAndOwnership>
      <common:dataSetVersion>27.00.000</common:dataSetVersion>
      <common:referenceToOwnershipOfDataSet refObjectId="623edf96-39d1-4e6f-9892-674c7228546b" version="27.00.000" type="contact data set" uri="../contacts/623edf96-39d1-4e6f-9892-674c7228546b.xml">
        <common:shortDescription xml:lang="en">PE INTERNATIONAL</common:shortDescription>
      </common:referenceToOwnershipOfDataSet>
    </publicationAndOwnership>
  </administrativeInformation>
  <flowProperties>
    <flowProperty dataSetInternalID="0">
      <referenceToFlowPropertyDataSet refObjectId="93a60a56-a3c8-11da-a746-0800200b9a66" version="03.00.000" type="flow property data set" uri="../flowproperties/93a60a56-a3c8-11da-a746-0800200b9a66.xml">
        <common:shortDescription xml:lang="en">Mass</common:shortDescription>
      </referenceToFlowPropertyDataSet>
      <meanValue>1</meanValue>
    </flowProperty>
  </flowProperties>
</flowDataSet>
